method,dataset,subset,image,num_faces_detected,false_positives,not_found,detection_time,accuracy
Haar Cascade,seccam,test,4598b7e9-83ac-11ee-b027-9cfeff47d2fa.jpg,0,0,1,0.7346241474151611,0.0
Haar Cascade,seccam,test,46f2719c-83ac-11ee-a728-9cfeff47d2fa.jpg,0,0,1,3.743720054626465,0.0
Haar Cascade,seccam,test,4860544a-83ac-11ee-b85c-9cfeff47d2fa.jpg,0,0,1,0.9413576126098633,0.0
Haar Cascade,seccam,test,4a0be73b-83ac-11ee-b293-9cfeff47d2fa.jpg,0,0,1,0.947728157043457,0.0
Haar Cascade,seccam,test,4ac2bd8b-83ac-11ee-94e3-9cfeff47d2fa.jpg,0,0,1,0.9415700435638428,0.0
Haar Cascade,seccam,train,45743621-83ac-11ee-9222-9cfeff47d2fa.jpg,1,1,1,0.2443690299987793,0.0
Haar Cascade,seccam,train,45fe4272-83ac-11ee-974f-9cfeff47d2fa.jpg,0,0,1,2.836148262023926,0.0
Haar Cascade,seccam,train,463b6955-83ac-11ee-9b8f-9cfeff47d2fa.jpg,0,0,1,2.8522884845733643,0.0
Haar Cascade,seccam,train,467ae200-83ac-11ee-903f-9cfeff47d2fa.jpg,0,0,1,2.5940234661102295,0.0
Haar Cascade,seccam,train,46b563de-83ac-11ee-8c6a-9cfeff47d2fa.jpg,0,0,1,2.2629168033599854,0.0
Haar Cascade,seccam,train,476c87ed-83ac-11ee-a88d-9cfeff47d2fa.jpg,0,0,1,1.941403865814209,0.0
Haar Cascade,seccam,train,47a94336-83ac-11ee-8a48-9cfeff47d2fa.jpg,0,0,1,2.451296091079712,0.0
Haar Cascade,seccam,train,47e60921-83ac-11ee-8188-9cfeff47d2fa.jpg,0,0,1,2.5567638874053955,0.0
Haar Cascade,seccam,train,482399c5-83ac-11ee-b18d-9cfeff47d2fa.jpg,0,0,1,2.792922258377075,0.0
Haar Cascade,seccam,train,489d1547-83ac-11ee-b751-9cfeff47d2fa.jpg,0,0,1,2.727342128753662,0.0
Haar Cascade,seccam,train,48da29b8-83ac-11ee-9494-9cfeff47d2fa.jpg,2,2,1,0.46746826171875,0.0
Haar Cascade,seccam,train,49175421-83ac-11ee-8e37-9cfeff47d2fa.jpg,0,0,1,2.209794282913208,0.0
Haar Cascade,seccam,train,4954300a-83ac-11ee-a1c8-9cfeff47d2fa.jpg,0,0,1,2.418347120285034,0.0
Haar Cascade,seccam,train,4991b5d6-83ac-11ee-8469-9cfeff47d2fa.jpg,0,0,1,2.332170248031616,0.0
Haar Cascade,seccam,train,49ceec8d-83ac-11ee-90e4-9cfeff47d2fa.jpg,0,0,1,2.649482250213623,0.0
Haar Cascade,seccam,train,4a487da2-83ac-11ee-bcf1-9cfeff47d2fa.jpg,0,0,1,2.4874942302703857,0.0
Haar Cascade,seccam,train,4a860d1b-83ac-11ee-a56c-9cfeff47d2fa.jpg,0,0,1,2.5711724758148193,0.0
Haar Cascade,seccam,train,4b3d3fac-83ac-11ee-9e01-9cfeff47d2fa.jpg,0,0,1,2.135129690170288,0.0
Haar Cascade,seccam,train,4b79b37b-83ac-11ee-842c-9cfeff47d2fa.jpg,0,0,1,2.1617350578308105,0.0
Haar Cascade,seccam,train,4bb6abdf-83ac-11ee-a54b-9cfeff47d2fa.jpg,0,0,1,1.9769573211669922,0.0
Haar Cascade,seccam,train,4bf429da-83ac-11ee-bcd6-9cfeff47d2fa.jpg,0,0,1,1.8583145141601562,0.0
Haar Cascade,seccam,val,45c0a15d-83ac-11ee-a84e-9cfeff47d2fa.jpg,0,0,1,0.23482060432434082,0.0
Haar Cascade,seccam,val,472f2539-83ac-11ee-9ed0-9cfeff47d2fa.jpg,0,0,1,0.9196324348449707,0.0
Haar Cascade,seccam,val,47e60922-83ac-11ee-8188-9cfeff47d2fa.jpg,0,0,1,0.9064545631408691,0.0
Haar Cascade,seccam,val,4affc784-83ac-11ee-9909-9cfeff47d2fa.jpg,0,0,1,0.9095158576965332,0.0
Dlib HOG,seccam,test,4598b7e9-83ac-11ee-b027-9cfeff47d2fa.jpg,0,0,1,0.5407278537750244,0.0
Dlib HOG,seccam,test,46f2719c-83ac-11ee-a728-9cfeff47d2fa.jpg,0,0,1,0.5758719444274902,0.0
Dlib HOG,seccam,test,4860544a-83ac-11ee-b85c-9cfeff47d2fa.jpg,1,0,0,0.5720875263214111,1.0
Dlib HOG,seccam,test,4a0be73b-83ac-11ee-b293-9cfeff47d2fa.jpg,1,1,1,0.5806045532226562,0.0
Dlib HOG,seccam,test,4ac2bd8b-83ac-11ee-94e3-9cfeff47d2fa.jpg,0,0,1,0.5482449531555176,0.0
Dlib HOG,seccam,train,45743621-83ac-11ee-9222-9cfeff47d2fa.jpg,0,0,1,0.5351436138153076,0.0
Dlib HOG,seccam,train,45fe4272-83ac-11ee-974f-9cfeff47d2fa.jpg,0,0,1,0.5286040306091309,0.0
Dlib HOG,seccam,train,463b6955-83ac-11ee-9b8f-9cfeff47d2fa.jpg,0,0,1,0.639216423034668,0.0
Dlib HOG,seccam,train,467ae200-83ac-11ee-903f-9cfeff47d2fa.jpg,0,0,1,0.5681536197662354,0.0
Dlib HOG,seccam,train,46b563de-83ac-11ee-8c6a-9cfeff47d2fa.jpg,0,0,1,0.5432233810424805,0.0
Dlib HOG,seccam,train,476c87ed-83ac-11ee-a88d-9cfeff47d2fa.jpg,1,0,0,0.5507290363311768,1.0
Dlib HOG,seccam,train,47a94336-83ac-11ee-8a48-9cfeff47d2fa.jpg,1,0,0,0.5458352565765381,1.0
Dlib HOG,seccam,train,47e60921-83ac-11ee-8188-9cfeff47d2fa.jpg,1,0,0,0.5877535343170166,1.0
Dlib HOG,seccam,train,482399c5-83ac-11ee-b18d-9cfeff47d2fa.jpg,0,0,1,0.49278712272644043,0.0
Dlib HOG,seccam,train,489d1547-83ac-11ee-b751-9cfeff47d2fa.jpg,0,0,1,0.564227819442749,0.0
Dlib HOG,seccam,train,48da29b8-83ac-11ee-9494-9cfeff47d2fa.jpg,0,0,1,0.5044381618499756,0.0
Dlib HOG,seccam,train,49175421-83ac-11ee-8e37-9cfeff47d2fa.jpg,0,0,1,0.5388882160186768,0.0
Dlib HOG,seccam,train,4954300a-83ac-11ee-a1c8-9cfeff47d2fa.jpg,0,0,1,0.5070388317108154,0.0
Dlib HOG,seccam,train,4991b5d6-83ac-11ee-8469-9cfeff47d2fa.jpg,1,0,0,0.5409908294677734,1.0
Dlib HOG,seccam,train,49ceec8d-83ac-11ee-90e4-9cfeff47d2fa.jpg,1,0,0,0.4837303161621094,1.0
Dlib HOG,seccam,train,4a487da2-83ac-11ee-bcf1-9cfeff47d2fa.jpg,0,0,1,0.510822057723999,0.0
Dlib HOG,seccam,train,4a860d1b-83ac-11ee-a56c-9cfeff47d2fa.jpg,0,0,1,0.5080864429473877,0.0
Dlib HOG,seccam,train,4b3d3fac-83ac-11ee-9e01-9cfeff47d2fa.jpg,0,0,1,0.4926440715789795,0.0
Dlib HOG,seccam,train,4b79b37b-83ac-11ee-842c-9cfeff47d2fa.jpg,0,0,1,0.5221784114837646,0.0
Dlib HOG,seccam,train,4bb6abdf-83ac-11ee-a54b-9cfeff47d2fa.jpg,0,0,1,0.5278136730194092,0.0
Dlib HOG,seccam,train,4bf429da-83ac-11ee-bcd6-9cfeff47d2fa.jpg,1,1,1,0.5671677589416504,0.0
Dlib HOG,seccam,val,45c0a15d-83ac-11ee-a84e-9cfeff47d2fa.jpg,0,0,1,0.5344448089599609,0.0
Dlib HOG,seccam,val,472f2539-83ac-11ee-9ed0-9cfeff47d2fa.jpg,1,0,0,0.5292294025421143,1.0
Dlib HOG,seccam,val,47e60922-83ac-11ee-8188-9cfeff47d2fa.jpg,1,0,0,0.5051896572113037,1.0
Dlib HOG,seccam,val,4affc784-83ac-11ee-9909-9cfeff47d2fa.jpg,0,0,1,0.4992051124572754,0.0
FaceNet,seccam,test,4598b7e9-83ac-11ee-b027-9cfeff47d2fa.jpg,0,0,1,3.122859001159668,0.0
FaceNet,seccam,test,46f2719c-83ac-11ee-a728-9cfeff47d2fa.jpg,1,0,0,3.1260688304901123,1.0
FaceNet,seccam,test,4860544a-83ac-11ee-b85c-9cfeff47d2fa.jpg,1,0,0,3.1135120391845703,1.0
FaceNet,seccam,test,4a0be73b-83ac-11ee-b293-9cfeff47d2fa.jpg,1,0,0,3.1122093200683594,1.0
FaceNet,seccam,test,4ac2bd8b-83ac-11ee-94e3-9cfeff47d2fa.jpg,1,0,0,3.112375020980835,1.0
FaceNet,seccam,train,45743621-83ac-11ee-9222-9cfeff47d2fa.jpg,1,0,0,12.734092235565186,1.0
FaceNet,seccam,train,45fe4272-83ac-11ee-974f-9cfeff47d2fa.jpg,0,0,1,12.677342653274536,0.0
FaceNet,seccam,train,463b6955-83ac-11ee-9b8f-9cfeff47d2fa.jpg,1,0,0,12.33796501159668,1.0
FaceNet,seccam,train,467ae200-83ac-11ee-903f-9cfeff47d2fa.jpg,1,0,0,12.523826122283936,1.0
FaceNet,seccam,train,46b563de-83ac-11ee-8c6a-9cfeff47d2fa.jpg,1,1,1,12.45544171333313,0.0
FaceNet,seccam,train,476c87ed-83ac-11ee-a88d-9cfeff47d2fa.jpg,1,0,0,11.759544849395752,1.0
FaceNet,seccam,train,47a94336-83ac-11ee-8a48-9cfeff47d2fa.jpg,1,0,0,12.437717199325562,1.0
FaceNet,seccam,train,47e60921-83ac-11ee-8188-9cfeff47d2fa.jpg,2,1,0,12.479810953140259,1.0
FaceNet,seccam,train,482399c5-83ac-11ee-b18d-9cfeff47d2fa.jpg,1,0,0,12.606104373931885,1.0
FaceNet,seccam,train,489d1547-83ac-11ee-b751-9cfeff47d2fa.jpg,1,0,0,12.580497026443481,1.0
FaceNet,seccam,train,48da29b8-83ac-11ee-9494-9cfeff47d2fa.jpg,0,0,1,12.163300514221191,0.0
FaceNet,seccam,train,49175421-83ac-11ee-8e37-9cfeff47d2fa.jpg,0,0,1,12.150306463241577,0.0
FaceNet,seccam,train,4954300a-83ac-11ee-a1c8-9cfeff47d2fa.jpg,1,1,1,12.394139289855957,0.0
FaceNet,seccam,train,4991b5d6-83ac-11ee-8469-9cfeff47d2fa.jpg,1,0,0,11.802624225616455,1.0
FaceNet,seccam,train,49ceec8d-83ac-11ee-90e4-9cfeff47d2fa.jpg,1,0,0,11.83149003982544,1.0
FaceNet,seccam,train,4a487da2-83ac-11ee-bcf1-9cfeff47d2fa.jpg,1,0,0,12.441003799438477,1.0
FaceNet,seccam,train,4a860d1b-83ac-11ee-a56c-9cfeff47d2fa.jpg,0,0,1,12.152243614196777,0.0
FaceNet,seccam,train,4b3d3fac-83ac-11ee-9e01-9cfeff47d2fa.jpg,0,0,1,12.158058643341064,0.0
FaceNet,seccam,train,4b79b37b-83ac-11ee-842c-9cfeff47d2fa.jpg,0,0,1,12.073497295379639,0.0
FaceNet,seccam,train,4bb6abdf-83ac-11ee-a54b-9cfeff47d2fa.jpg,1,0,0,11.994685649871826,1.0
FaceNet,seccam,train,4bf429da-83ac-11ee-bcd6-9cfeff47d2fa.jpg,1,0,0,1.3425848484039307,1.0
FaceNet,seccam,val,45c0a15d-83ac-11ee-a84e-9cfeff47d2fa.jpg,0,0,1,2.971745014190674,0.0
FaceNet,seccam,val,472f2539-83ac-11ee-9ed0-9cfeff47d2fa.jpg,1,0,0,2.955293893814087,1.0
FaceNet,seccam,val,47e60922-83ac-11ee-8188-9cfeff47d2fa.jpg,2,1,0,2.957059383392334,1.0
FaceNet,seccam,val,4affc784-83ac-11ee-9909-9cfeff47d2fa.jpg,0,0,1,2.9694297313690186,0.0
Face Recognition,seccam,test,4598b7e9-83ac-11ee-b027-9cfeff47d2fa.jpg,0,0,1,0.10425400733947754,0.0
Face Recognition,seccam,test,46f2719c-83ac-11ee-a728-9cfeff47d2fa.jpg,0,0,1,0.0990288257598877,0.0
Face Recognition,seccam,test,4860544a-83ac-11ee-b85c-9cfeff47d2fa.jpg,0,0,1,0.11042952537536621,0.0
Face Recognition,seccam,test,4a0be73b-83ac-11ee-b293-9cfeff47d2fa.jpg,0,0,1,0.10477328300476074,0.0
Face Recognition,seccam,test,4ac2bd8b-83ac-11ee-94e3-9cfeff47d2fa.jpg,0,0,1,0.1116330623626709,0.0
Face Recognition,seccam,train,45743621-83ac-11ee-9222-9cfeff47d2fa.jpg,0,0,1,0.2430403232574463,0.0
Face Recognition,seccam,train,45fe4272-83ac-11ee-974f-9cfeff47d2fa.jpg,0,0,1,0.24672746658325195,0.0
Face Recognition,seccam,train,463b6955-83ac-11ee-9b8f-9cfeff47d2fa.jpg,0,0,1,0.176863431930542,0.0
Face Recognition,seccam,train,467ae200-83ac-11ee-903f-9cfeff47d2fa.jpg,0,0,1,0.19449472427368164,0.0
Face Recognition,seccam,train,46b563de-83ac-11ee-8c6a-9cfeff47d2fa.jpg,0,0,1,0.1458439826965332,0.0
Face Recognition,seccam,train,476c87ed-83ac-11ee-a88d-9cfeff47d2fa.jpg,0,0,1,0.15310907363891602,0.0
Face Recognition,seccam,train,47a94336-83ac-11ee-8a48-9cfeff47d2fa.jpg,0,0,1,0.38956260681152344,0.0
Face Recognition,seccam,train,47e60921-83ac-11ee-8188-9cfeff47d2fa.jpg,0,0,1,0.29951977729797363,0.0
Face Recognition,seccam,train,482399c5-83ac-11ee-b18d-9cfeff47d2fa.jpg,0,0,1,0.3071432113647461,0.0
Face Recognition,seccam,train,489d1547-83ac-11ee-b751-9cfeff47d2fa.jpg,0,0,1,0.2633545398712158,0.0
Face Recognition,seccam,train,48da29b8-83ac-11ee-9494-9cfeff47d2fa.jpg,0,0,1,0.3032259941101074,0.0
Face Recognition,seccam,train,49175421-83ac-11ee-8e37-9cfeff47d2fa.jpg,0,0,1,0.31613802909851074,0.0
Face Recognition,seccam,train,4954300a-83ac-11ee-a1c8-9cfeff47d2fa.jpg,0,0,1,0.15498685836791992,0.0
Face Recognition,seccam,train,4991b5d6-83ac-11ee-8469-9cfeff47d2fa.jpg,0,0,1,0.2371962070465088,0.0
Face Recognition,seccam,train,49ceec8d-83ac-11ee-90e4-9cfeff47d2fa.jpg,0,0,1,0.29410815238952637,0.0
Face Recognition,seccam,train,4a487da2-83ac-11ee-bcf1-9cfeff47d2fa.jpg,0,0,1,0.20393681526184082,0.0
Face Recognition,seccam,train,4a860d1b-83ac-11ee-a56c-9cfeff47d2fa.jpg,0,0,1,0.2046499252319336,0.0
Face Recognition,seccam,train,4b3d3fac-83ac-11ee-9e01-9cfeff47d2fa.jpg,0,0,1,0.26087164878845215,0.0
Face Recognition,seccam,train,4b79b37b-83ac-11ee-842c-9cfeff47d2fa.jpg,0,0,1,0.17484307289123535,0.0
Face Recognition,seccam,train,4bb6abdf-83ac-11ee-a54b-9cfeff47d2fa.jpg,0,0,1,0.11730217933654785,0.0
Face Recognition,seccam,train,4bf429da-83ac-11ee-bcd6-9cfeff47d2fa.jpg,0,0,1,0.16660833358764648,0.0
Face Recognition,seccam,val,45c0a15d-83ac-11ee-a84e-9cfeff47d2fa.jpg,0,0,1,0.08568286895751953,0.0
Face Recognition,seccam,val,472f2539-83ac-11ee-9ed0-9cfeff47d2fa.jpg,0,0,1,0.09383845329284668,0.0
Face Recognition,seccam,val,47e60922-83ac-11ee-8188-9cfeff47d2fa.jpg,0,0,1,0.0872812271118164,0.0
Face Recognition,seccam,val,4affc784-83ac-11ee-9909-9cfeff47d2fa.jpg,0,0,1,0.09176778793334961,0.0
Haar Cascade,webcam,test,f47812f7-8335-11ee-8266-9cfeff47d2fa.jpg,0,0,1,0.05524873733520508,0.0
Haar Cascade,webcam,test,f6002dd6-8335-11ee-b9ec-9cfeff47d2fa.jpg,0,0,1,0.22750473022460938,0.0
Haar Cascade,webcam,test,f69e6a64-8335-11ee-9c58-9cfeff47d2fa.jpg,0,0,1,0.22363519668579102,0.0
Haar Cascade,webcam,test,f7d8de00-8335-11ee-b6bf-9cfeff47d2fa.jpg,0,0,1,0.22122883796691895,0.0
Haar Cascade,webcam,test,f9134bf5-8335-11ee-b735-9cfeff47d2fa.jpg,0,0,1,0.23613333702087402,0.0
Haar Cascade,webcam,train,f3d9f09a-8335-11ee-9a89-9cfeff47d2fa.jpg,0,0,1,0.0621190071105957,0.0
Haar Cascade,webcam,train,f429962b-8335-11ee-a62b-9cfeff47d2fa.jpg,1,1,1,0.7160394191741943,0.0
Haar Cascade,webcam,train,f4c656f6-8335-11ee-af95-9cfeff47d2fa.jpg,1,1,1,0.5638105869293213,0.0
Haar Cascade,webcam,train,f5627bbe-8335-11ee-b71c-9cfeff47d2fa.jpg,1,1,1,0.5763120651245117,0.0
Haar Cascade,webcam,train,f5b06725-8335-11ee-8d05-9cfeff47d2fa.jpg,1,1,1,0.5547802448272705,0.0
Haar Cascade,webcam,train,f6501105-8335-11ee-b53a-9cfeff47d2fa.jpg,1,1,1,0.5690212249755859,0.0
Haar Cascade,webcam,train,f6ec124d-8335-11ee-aa67-9cfeff47d2fa.jpg,1,1,1,0.5576715469360352,0.0
Haar Cascade,webcam,train,f73c51d3-8335-11ee-9934-9cfeff47d2fa.jpg,1,1,1,0.5363655090332031,0.0
Haar Cascade,webcam,train,f78a7d1d-8335-11ee-b9c8-9cfeff47d2fa.jpg,1,1,1,0.6777093410491943,0.0
Haar Cascade,webcam,train,f826b619-8335-11ee-ba0b-9cfeff47d2fa.jpg,1,1,1,0.6812307834625244,0.0
Haar Cascade,webcam,train,f8c53c90-8335-11ee-9f1c-9cfeff47d2fa.jpg,1,1,1,0.6697633266448975,0.0
Haar Cascade,webcam,train,f96353c8-8335-11ee-9289-9cfeff47d2fa.jpg,0,0,1,0.5775802135467529,0.0
Haar Cascade,webcam,train,fa00ffc5-8335-11ee-b02e-9cfeff47d2fa.jpg,0,0,1,0.6041975021362305,0.0
Haar Cascade,webcam,train,fa51943f-8335-11ee-8eed-9cfeff47d2fa.jpg,0,0,1,0.13976812362670898,0.0
Haar Cascade,webcam,train,faf2e6a3-8335-11ee-932a-9cfeff47d2fa.jpg,0,0,1,0.5120289325714111,0.0
Haar Cascade,webcam,train,fb42e89d-8335-11ee-819a-9cfeff47d2fa.jpg,0,0,1,0.5047955513000488,0.0
Haar Cascade,webcam,train,fb935431-8335-11ee-94da-9cfeff47d2fa.jpg,1,0,0,0.15776729583740234,1.0
Haar Cascade,webcam,train,fbe21232-8335-11ee-9efb-9cfeff47d2fa.jpg,1,1,1,0.45203137397766113,0.0
Haar Cascade,webcam,train,fc3278a3-8335-11ee-8393-9cfeff47d2fa.jpg,1,1,1,0.3757946491241455,0.0
Haar Cascade,webcam,train,fc84be21-8335-11ee-b45a-9cfeff47d2fa.jpg,0,0,1,0.17714238166809082,0.0
Haar Cascade,webcam,train,fcd4c992-8335-11ee-8b82-9cfeff47d2fa.jpg,1,1,1,0.08341741561889648,0.0
Haar Cascade,webcam,val,f5148e3a-8335-11ee-b233-9cfeff47d2fa.jpg,1,1,1,0.2679281234741211,0.0
Haar Cascade,webcam,val,f875155f-8335-11ee-9c28-9cfeff47d2fa.jpg,1,1,1,0.05729842185974121,0.0
Haar Cascade,webcam,val,f9b101ac-8335-11ee-9f75-9cfeff47d2fa.jpg,1,0,0,0.25789809226989746,1.0
Haar Cascade,webcam,val,faa2682e-8335-11ee-816f-9cfeff47d2fa.jpg,1,1,1,0.2506430149078369,0.0
Dlib HOG,webcam,test,f47812f7-8335-11ee-8266-9cfeff47d2fa.jpg,1,0,0,0.32115840911865234,1.0
Dlib HOG,webcam,test,f6002dd6-8335-11ee-b9ec-9cfeff47d2fa.jpg,0,0,1,0.2317969799041748,0.0
Dlib HOG,webcam,test,f69e6a64-8335-11ee-9c58-9cfeff47d2fa.jpg,0,0,1,0.18923258781433105,0.0
Dlib HOG,webcam,test,f7d8de00-8335-11ee-b6bf-9cfeff47d2fa.jpg,0,0,1,0.17773938179016113,0.0
Dlib HOG,webcam,test,f9134bf5-8335-11ee-b735-9cfeff47d2fa.jpg,0,0,1,0.208390474319458,0.0
Dlib HOG,webcam,train,f3d9f09a-8335-11ee-9a89-9cfeff47d2fa.jpg,0,0,1,0.20000720024108887,0.0
Dlib HOG,webcam,train,f429962b-8335-11ee-a62b-9cfeff47d2fa.jpg,1,0,0,0.18901443481445312,1.0
Dlib HOG,webcam,train,f4c656f6-8335-11ee-af95-9cfeff47d2fa.jpg,1,0,0,0.17913007736206055,1.0
Dlib HOG,webcam,train,f5627bbe-8335-11ee-b71c-9cfeff47d2fa.jpg,0,0,1,0.1911787986755371,0.0
Dlib HOG,webcam,train,f5b06725-8335-11ee-8d05-9cfeff47d2fa.jpg,0,0,1,0.23852038383483887,0.0
Dlib HOG,webcam,train,f6501105-8335-11ee-b53a-9cfeff47d2fa.jpg,0,0,1,0.19208812713623047,0.0
Dlib HOG,webcam,train,f6ec124d-8335-11ee-aa67-9cfeff47d2fa.jpg,0,0,1,0.18579459190368652,0.0
Dlib HOG,webcam,train,f73c51d3-8335-11ee-9934-9cfeff47d2fa.jpg,0,0,1,0.19962263107299805,0.0
Dlib HOG,webcam,train,f78a7d1d-8335-11ee-b9c8-9cfeff47d2fa.jpg,0,0,1,0.18736696243286133,0.0
Dlib HOG,webcam,train,f826b619-8335-11ee-ba0b-9cfeff47d2fa.jpg,0,0,1,0.1644001007080078,0.0
Dlib HOG,webcam,train,f8c53c90-8335-11ee-9f1c-9cfeff47d2fa.jpg,0,0,1,0.17815518379211426,0.0
Dlib HOG,webcam,train,f96353c8-8335-11ee-9289-9cfeff47d2fa.jpg,1,0,0,0.19470453262329102,1.0
Dlib HOG,webcam,train,fa00ffc5-8335-11ee-b02e-9cfeff47d2fa.jpg,0,0,1,0.18122506141662598,0.0
Dlib HOG,webcam,train,fa51943f-8335-11ee-8eed-9cfeff47d2fa.jpg,0,0,1,0.19846153259277344,0.0
Dlib HOG,webcam,train,faf2e6a3-8335-11ee-932a-9cfeff47d2fa.jpg,0,0,1,0.23369789123535156,0.0
Dlib HOG,webcam,train,fb42e89d-8335-11ee-819a-9cfeff47d2fa.jpg,0,0,1,0.19170761108398438,0.0
Dlib HOG,webcam,train,fb935431-8335-11ee-94da-9cfeff47d2fa.jpg,1,0,0,0.15458321571350098,1.0
Dlib HOG,webcam,train,fbe21232-8335-11ee-9efb-9cfeff47d2fa.jpg,1,0,0,0.19007468223571777,1.0
Dlib HOG,webcam,train,fc3278a3-8335-11ee-8393-9cfeff47d2fa.jpg,1,1,1,0.17801475524902344,0.0
Dlib HOG,webcam,train,fc84be21-8335-11ee-b45a-9cfeff47d2fa.jpg,0,0,1,0.19079065322875977,0.0
Dlib HOG,webcam,train,fcd4c992-8335-11ee-8b82-9cfeff47d2fa.jpg,0,0,1,0.17434239387512207,0.0
Dlib HOG,webcam,val,f5148e3a-8335-11ee-b233-9cfeff47d2fa.jpg,0,0,1,0.19342947006225586,0.0
Dlib HOG,webcam,val,f875155f-8335-11ee-9c28-9cfeff47d2fa.jpg,1,0,0,0.16899633407592773,1.0
Dlib HOG,webcam,val,f9b101ac-8335-11ee-9f75-9cfeff47d2fa.jpg,1,0,0,0.17037105560302734,1.0
Dlib HOG,webcam,val,faa2682e-8335-11ee-816f-9cfeff47d2fa.jpg,0,0,1,0.1769273281097412,0.0
FaceNet,webcam,test,f47812f7-8335-11ee-8266-9cfeff47d2fa.jpg,2,1,0,2.455505609512329,1.0
FaceNet,webcam,test,f6002dd6-8335-11ee-b9ec-9cfeff47d2fa.jpg,1,0,0,2.5014171600341797,1.0
FaceNet,webcam,test,f69e6a64-8335-11ee-9c58-9cfeff47d2fa.jpg,0,0,1,2.5421857833862305,0.0
FaceNet,webcam,test,f7d8de00-8335-11ee-b6bf-9cfeff47d2fa.jpg,2,2,1,2.5501396656036377,0.0
FaceNet,webcam,test,f9134bf5-8335-11ee-b735-9cfeff47d2fa.jpg,1,1,1,2.543398857116699,0.0
FaceNet,webcam,train,f3d9f09a-8335-11ee-9a89-9cfeff47d2fa.jpg,0,0,1,8.227557897567749,0.0
FaceNet,webcam,train,f429962b-8335-11ee-a62b-9cfeff47d2fa.jpg,1,0,0,9.138492107391357,1.0
FaceNet,webcam,train,f4c656f6-8335-11ee-af95-9cfeff47d2fa.jpg,1,0,0,9.166308164596558,1.0
FaceNet,webcam,train,f5627bbe-8335-11ee-b71c-9cfeff47d2fa.jpg,1,0,0,9.302170991897583,1.0
FaceNet,webcam,train,f5b06725-8335-11ee-8d05-9cfeff47d2fa.jpg,1,1,1,9.374951601028442,0.0
FaceNet,webcam,train,f6501105-8335-11ee-b53a-9cfeff47d2fa.jpg,0,0,1,9.527881383895874,0.0
FaceNet,webcam,train,f6ec124d-8335-11ee-aa67-9cfeff47d2fa.jpg,0,0,1,9.558155059814453,0.0
FaceNet,webcam,train,f73c51d3-8335-11ee-9934-9cfeff47d2fa.jpg,1,0,0,9.538249254226685,1.0
FaceNet,webcam,train,f78a7d1d-8335-11ee-b9c8-9cfeff47d2fa.jpg,0,0,1,9.462096691131592,0.0
FaceNet,webcam,train,f826b619-8335-11ee-ba0b-9cfeff47d2fa.jpg,1,0,0,9.396397352218628,1.0
FaceNet,webcam,train,f8c53c90-8335-11ee-9f1c-9cfeff47d2fa.jpg,1,0,0,9.241397380828857,1.0
FaceNet,webcam,train,f96353c8-8335-11ee-9289-9cfeff47d2fa.jpg,2,1,0,8.87069058418274,1.0
FaceNet,webcam,train,fa00ffc5-8335-11ee-b02e-9cfeff47d2fa.jpg,1,0,0,8.972579717636108,1.0
FaceNet,webcam,train,fa51943f-8335-11ee-8eed-9cfeff47d2fa.jpg,0,0,1,9.20530915260315,0.0
FaceNet,webcam,train,faf2e6a3-8335-11ee-932a-9cfeff47d2fa.jpg,0,0,1,9.190171957015991,0.0
FaceNet,webcam,train,fb42e89d-8335-11ee-819a-9cfeff47d2fa.jpg,0,0,1,9.230435371398926,0.0
FaceNet,webcam,train,fb935431-8335-11ee-94da-9cfeff47d2fa.jpg,1,0,0,9.02985954284668,1.0
FaceNet,webcam,train,fbe21232-8335-11ee-9efb-9cfeff47d2fa.jpg,1,0,0,8.884567260742188,1.0
FaceNet,webcam,train,fc3278a3-8335-11ee-8393-9cfeff47d2fa.jpg,1,0,0,8.939531087875366,1.0
FaceNet,webcam,train,fc84be21-8335-11ee-b45a-9cfeff47d2fa.jpg,0,0,1,8.710487842559814,0.0
FaceNet,webcam,train,fcd4c992-8335-11ee-8b82-9cfeff47d2fa.jpg,1,0,0,1.5421438217163086,1.0
FaceNet,webcam,val,f5148e3a-8335-11ee-b233-9cfeff47d2fa.jpg,1,0,0,1.7418138980865479,1.0
FaceNet,webcam,val,f875155f-8335-11ee-9c28-9cfeff47d2fa.jpg,1,0,0,1.7368128299713135,1.0
FaceNet,webcam,val,f9b101ac-8335-11ee-9f75-9cfeff47d2fa.jpg,1,0,0,1.729121446609497,1.0
FaceNet,webcam,val,faa2682e-8335-11ee-816f-9cfeff47d2fa.jpg,0,0,1,1.7131352424621582,0.0
Face Recognition,webcam,test,f47812f7-8335-11ee-8266-9cfeff47d2fa.jpg,0,0,1,0.02168750762939453,0.0
Face Recognition,webcam,test,f6002dd6-8335-11ee-b9ec-9cfeff47d2fa.jpg,0,0,1,0.019686222076416016,0.0
Face Recognition,webcam,test,f69e6a64-8335-11ee-9c58-9cfeff47d2fa.jpg,0,0,1,0.0207211971282959,0.0
Face Recognition,webcam,test,f7d8de00-8335-11ee-b6bf-9cfeff47d2fa.jpg,0,0,1,0.017582178115844727,0.0
Face Recognition,webcam,test,f9134bf5-8335-11ee-b735-9cfeff47d2fa.jpg,0,0,1,0.017613649368286133,0.0
Face Recognition,webcam,train,f3d9f09a-8335-11ee-9a89-9cfeff47d2fa.jpg,1,1,1,0.02641892433166504,0.0
Face Recognition,webcam,train,f429962b-8335-11ee-a62b-9cfeff47d2fa.jpg,0,0,1,0.03214383125305176,0.0
Face Recognition,webcam,train,f4c656f6-8335-11ee-af95-9cfeff47d2fa.jpg,0,0,1,0.029020309448242188,0.0
Face Recognition,webcam,train,f5627bbe-8335-11ee-b71c-9cfeff47d2fa.jpg,0,0,1,0.03331947326660156,0.0
Face Recognition,webcam,train,f5b06725-8335-11ee-8d05-9cfeff47d2fa.jpg,0,0,1,0.03372788429260254,0.0
Face Recognition,webcam,train,f6501105-8335-11ee-b53a-9cfeff47d2fa.jpg,0,0,1,0.03623533248901367,0.0
Face Recognition,webcam,train,f6ec124d-8335-11ee-aa67-9cfeff47d2fa.jpg,0,0,1,0.03642392158508301,0.0
Face Recognition,webcam,train,f73c51d3-8335-11ee-9934-9cfeff47d2fa.jpg,0,0,1,0.03579854965209961,0.0
Face Recognition,webcam,train,f78a7d1d-8335-11ee-b9c8-9cfeff47d2fa.jpg,1,1,1,0.04413247108459473,0.0
Face Recognition,webcam,train,f826b619-8335-11ee-ba0b-9cfeff47d2fa.jpg,0,0,1,0.0420222282409668,0.0
Face Recognition,webcam,train,f8c53c90-8335-11ee-9f1c-9cfeff47d2fa.jpg,0,0,1,0.04923510551452637,0.0
Face Recognition,webcam,train,f96353c8-8335-11ee-9289-9cfeff47d2fa.jpg,0,0,1,0.05211687088012695,0.0
Face Recognition,webcam,train,fa00ffc5-8335-11ee-b02e-9cfeff47d2fa.jpg,1,1,1,0.05712008476257324,0.0
Face Recognition,webcam,train,fa51943f-8335-11ee-8eed-9cfeff47d2fa.jpg,1,1,1,0.056894540786743164,0.0
Face Recognition,webcam,train,faf2e6a3-8335-11ee-932a-9cfeff47d2fa.jpg,1,1,1,0.05409955978393555,0.0
Face Recognition,webcam,train,fb42e89d-8335-11ee-819a-9cfeff47d2fa.jpg,1,1,1,0.05133986473083496,0.0
Face Recognition,webcam,train,fb935431-8335-11ee-94da-9cfeff47d2fa.jpg,1,1,1,0.04579925537109375,0.0
Face Recognition,webcam,train,fbe21232-8335-11ee-9efb-9cfeff47d2fa.jpg,1,1,1,0.04933619499206543,0.0
Face Recognition,webcam,train,fc3278a3-8335-11ee-8393-9cfeff47d2fa.jpg,0,0,1,0.04860091209411621,0.0
Face Recognition,webcam,train,fc84be21-8335-11ee-b45a-9cfeff47d2fa.jpg,0,0,1,0.05246448516845703,0.0
Face Recognition,webcam,train,fcd4c992-8335-11ee-8b82-9cfeff47d2fa.jpg,0,0,1,0.049811601638793945,0.0
Face Recognition,webcam,val,f5148e3a-8335-11ee-b233-9cfeff47d2fa.jpg,0,0,1,0.027626752853393555,0.0
Face Recognition,webcam,val,f875155f-8335-11ee-9c28-9cfeff47d2fa.jpg,0,0,1,0.023332595825195312,0.0
Face Recognition,webcam,val,f9b101ac-8335-11ee-9f75-9cfeff47d2fa.jpg,0,0,1,0.02309584617614746,0.0
Face Recognition,webcam,val,faa2682e-8335-11ee-816f-9cfeff47d2fa.jpg,0,0,1,0.027418851852416992,0.0
Haar Cascade,seccam_2,test,e76233fa-ab3e-11ef-b8b5-bbefd0250143.jpg,1,1,1,1.472125768661499,0.0
Haar Cascade,seccam_2,test,f5dc1e93-a7ff-11ef-b1ea-48e7da426b90.jpg,1,1,2,1.4155089855194092,0.0
Haar Cascade,seccam_2,test,f6d06e07-a7ff-11ef-945f-48e7da426b90.jpg,1,1,2,0.43431687355041504,0.0
Haar Cascade,seccam_2,test,f70cd3cc-a7ff-11ef-9e9a-48e7da426b90.jpg,1,1,2,1.5955476760864258,0.0
Haar Cascade,seccam_2,test,f74af919-a7ff-11ef-8849-48e7da426b90.jpg,1,1,2,1.4191668033599854,0.0
Haar Cascade,seccam_2,test,f7de6a30-ab2f-11ef-b231-bbefd0250143.jpg,1,1,1,1.5692358016967773,0.0
Haar Cascade,seccam_2,test,f83eb6bd-a7ff-11ef-845d-48e7da426b90.jpg,1,1,2,1.4847798347473145,0.0
Haar Cascade,seccam_2,test,f8b8587d-a7ff-11ef-a8c0-48e7da426b90.jpg,1,1,2,1.4315831661224365,0.0
Haar Cascade,seccam_2,test,f8f652ac-a7ff-11ef-be5c-48e7da426b90.jpg,1,1,2,1.4277324676513672,0.0
Haar Cascade,seccam_2,train,0aa0f178-ab3f-11ef-84ca-bbefd0250143.jpg,3,3,1,5.119321584701538,0.0
Haar Cascade,seccam_2,train,0aa4167b-ab3f-11ef-bd36-bbefd0250143.jpg,1,1,3,3.82492733001709,0.0
Haar Cascade,seccam_2,train,0c19412a-ab3f-11ef-851d-bbefd0250143.jpg,1,1,1,3.919844627380371,0.0
Haar Cascade,seccam_2,train,0c1c16bc-ab3f-11ef-9654-bbefd0250143.jpg,1,1,3,0.575568437576294,0.0
Haar Cascade,seccam_2,train,11bc8124-ab3f-11ef-a1c5-bbefd0250143.jpg,1,1,2,2.768213987350464,0.0
Haar Cascade,seccam_2,train,11bf7210-ab3f-11ef-8685-bbefd0250143.jpg,2,2,3,2.1956868171691895,0.0
Haar Cascade,seccam_2,train,15e0cb58-ab2f-11ef-83c9-bbefd0250143.jpg,2,2,4,2.155714750289917,0.0
Haar Cascade,seccam_2,train,22f9338d-ab3f-11ef-94f4-bbefd0250143.jpg,2,2,1,5.236246109008789,0.0
Haar Cascade,seccam_2,train,22fc4357-ab3f-11ef-a9ba-bbefd0250143.jpg,2,2,1,5.137779235839844,0.0
Haar Cascade,seccam_2,train,23759278-ab3f-11ef-a0b5-bbefd0250143.jpg,1,1,1,3.889655351638794,0.0
Haar Cascade,seccam_2,train,23785ed9-ab3f-11ef-bb00-bbefd0250143.jpg,1,1,1,2.1233901977539062,0.0
Haar Cascade,seccam_2,train,2a55912c-ab30-11ef-b8e4-bbefd0250143.jpg,2,2,1,2.9428319931030273,0.0
Haar Cascade,seccam_2,train,30676534-ab3f-11ef-ab3a-bbefd0250143.jpg,2,2,1,2.665207862854004,0.0
Haar Cascade,seccam_2,train,306a2442-ab3f-11ef-a138-bbefd0250143.jpg,2,2,1,2.179661750793457,0.0
Haar Cascade,seccam_2,train,4747bbc1-ab3f-11ef-967b-bbefd0250143.jpg,2,2,1,2.1280550956726074,0.0
Haar Cascade,seccam_2,train,474a7070-ab3f-11ef-9730-bbefd0250143.jpg,2,2,2,4.849941253662109,0.0
Haar Cascade,seccam_2,train,4801a7e5-ab3f-11ef-afad-bbefd0250143.jpg,1,1,1,0.5725452899932861,0.0
Haar Cascade,seccam_2,train,48045878-ab3f-11ef-8589-bbefd0250143.jpg,1,1,2,4.625428199768066,0.0
Haar Cascade,seccam_2,train,610f4e0f-ab3f-11ef-b2de-bbefd0250143.jpg,0,0,1,4.541033744812012,0.0
Haar Cascade,seccam_2,train,61123a50-ab3f-11ef-a2ec-bbefd0250143.jpg,3,3,1,2.916323184967041,0.0
Haar Cascade,seccam_2,train,656833ab-ab3f-11ef-981b-bbefd0250143.jpg,3,3,1,2.9129369258880615,0.0
Haar Cascade,seccam_2,train,656af596-ab3f-11ef-bb64-bbefd0250143.jpg,3,2,1,0.5146579742431641,0.5
Haar Cascade,seccam_2,train,66876f03-ab3f-11ef-8d8f-bbefd0250143.jpg,1,0,1,0.5684804916381836,0.5
Haar Cascade,seccam_2,train,6c3ad92e-ab3f-11ef-a2c7-bbefd0250143.jpg,1,1,1,3.805450916290283,0.0
Haar Cascade,seccam_2,train,ae320042-ab3e-11ef-8d3e-bbefd0250143.jpg,0,0,1,1.6094236373901367,0.0
Haar Cascade,seccam_2,train,afd6d9d4-ab3e-11ef-bcf1-bbefd0250143.jpg,0,0,2,1.6865956783294678,0.0
Haar Cascade,seccam_2,train,afd9ac70-ab3e-11ef-abf3-bbefd0250143.jpg,0,0,1,0.4466056823730469,0.0
Haar Cascade,seccam_2,train,c1e0d7ea-ab3e-11ef-8112-bbefd0250143.jpg,1,1,1,4.149900436401367,0.0
Haar Cascade,seccam_2,train,c1e40732-ab3e-11ef-92cf-bbefd0250143.jpg,0,0,1,1.7981960773468018,0.0
Haar Cascade,seccam_2,train,c202b1de-ab3e-11ef-b9ba-bbefd0250143.jpg,0,0,1,0.4971606731414795,0.0
Haar Cascade,seccam_2,train,c205c3db-ab3e-11ef-aca5-bbefd0250143.jpg,0,0,1,2.1483652591705322,0.0
Haar Cascade,seccam_2,train,c6684fbf-ab3e-11ef-8df0-bbefd0250143.jpg,1,1,1,2.0046143531799316,0.0
Haar Cascade,seccam_2,train,c66bc28f-ab3e-11ef-a9a3-bbefd0250143.jpg,1,1,1,1.831664800643921,0.0
Haar Cascade,seccam_2,train,c68867a2-ab3e-11ef-9f88-bbefd0250143.jpg,0,0,1,0.5614426136016846,0.0
Haar Cascade,seccam_2,train,c68bc47c-ab3e-11ef-9416-bbefd0250143.jpg,1,1,1,2.0122361183166504,0.0
Haar Cascade,seccam_2,train,c6c985e5-ab3e-11ef-8b7e-bbefd0250143.jpg,1,1,1,2.256486177444458,0.0
Haar Cascade,seccam_2,train,c749f1de-ab3e-11ef-9617-bbefd0250143.jpg,1,1,1,1.3068737983703613,0.0
Haar Cascade,seccam_2,train,d61b0424-ab2e-11ef-ae1e-bbefd0250143.jpg,1,1,2,0.6437535285949707,0.0
Haar Cascade,seccam_2,train,d72a14a8-ab3e-11ef-9f7f-bbefd0250143.jpg,1,0,1,2.492915153503418,0.5
Haar Cascade,seccam_2,train,e764fafe-ab3e-11ef-a3a4-bbefd0250143.jpg,1,1,1,1.2186460494995117,0.0
Haar Cascade,seccam_2,train,e7aa689d-ab3e-11ef-9105-bbefd0250143.jpg,1,1,1,2.455371379852295,0.0
Haar Cascade,seccam_2,train,e7ad7b9c-ab3e-11ef-ab2e-bbefd0250143.jpg,1,1,1,2.541623830795288,0.0
Haar Cascade,seccam_2,val,f6196398-a7ff-11ef-8536-48e7da426b90.jpg,1,1,2,1.5134494304656982,0.0
Haar Cascade,seccam_2,val,f65902be-a7ff-11ef-b1ca-48e7da426b90.jpg,1,1,2,1.2480671405792236,0.0
Haar Cascade,seccam_2,val,f8018827-a7ff-11ef-9e17-48e7da426b90.jpg,1,1,1,0.7157649993896484,0.0
Haar Cascade,seccam_2,val,f87d5fd1-a7ff-11ef-a296-48e7da426b90.jpg,1,1,2,1.432004451751709,0.0
Haar Cascade,seccam_2,val,f9122b6f-ab3e-11ef-96f5-bbefd0250143.jpg,1,0,1,1.814087152481079,0.5
Haar Cascade,seccam_2,val,f9340d73-a7ff-11ef-be59-48e7da426b90.jpg,1,1,1,1.8151271343231201,0.0
Haar Cascade,seccam_2,val,fc51e2bf-ab2f-11ef-8c6d-bbefd0250143.jpg,1,1,1,1.8014278411865234,0.0
Haar Cascade,seccam_2,val,fdb32cce-ab2f-11ef-a791-bbefd0250143.jpg,1,1,1,1.5822150707244873,0.0
Haar Cascade,seccam_2,val,fecfc24a-ab2f-11ef-8355-bbefd0250143.jpg,1,1,1,1.4123890399932861,0.0
Dlib HOG,seccam_2,test,e76233fa-ab3e-11ef-b8b5-bbefd0250143.jpg,0,0,1,0.788334846496582,0.0
Dlib HOG,seccam_2,test,f5dc1e93-a7ff-11ef-b1ea-48e7da426b90.jpg,0,0,2,0.8228123188018799,0.0
Dlib HOG,seccam_2,test,f6d06e07-a7ff-11ef-945f-48e7da426b90.jpg,0,0,2,0.8134186267852783,0.0
Dlib HOG,seccam_2,test,f70cd3cc-a7ff-11ef-9e9a-48e7da426b90.jpg,0,0,2,0.7586579322814941,0.0
Dlib HOG,seccam_2,test,f74af919-a7ff-11ef-8849-48e7da426b90.jpg,0,0,2,0.6249241828918457,0.0
Dlib HOG,seccam_2,test,f7de6a30-ab2f-11ef-b231-bbefd0250143.jpg,0,0,1,0.9488835334777832,0.0
Dlib HOG,seccam_2,test,f83eb6bd-a7ff-11ef-845d-48e7da426b90.jpg,0,0,2,0.8920314311981201,0.0
Dlib HOG,seccam_2,test,f8b8587d-a7ff-11ef-a8c0-48e7da426b90.jpg,0,0,2,1.5855727195739746,0.0
Dlib HOG,seccam_2,test,f8f652ac-a7ff-11ef-be5c-48e7da426b90.jpg,1,1,2,0.7961206436157227,0.0
Dlib HOG,seccam_2,train,0aa0f178-ab3f-11ef-84ca-bbefd0250143.jpg,0,0,1,0.8328437805175781,0.0
Dlib HOG,seccam_2,train,0aa4167b-ab3f-11ef-bd36-bbefd0250143.jpg,1,0,2,0.6749446392059326,0.3333333333333333
Dlib HOG,seccam_2,train,0c19412a-ab3f-11ef-851d-bbefd0250143.jpg,0,0,1,0.6519920825958252,0.0
Dlib HOG,seccam_2,train,0c1c16bc-ab3f-11ef-9654-bbefd0250143.jpg,0,0,3,0.9065697193145752,0.0
Dlib HOG,seccam_2,train,11bc8124-ab3f-11ef-a1c5-bbefd0250143.jpg,0,0,2,0.7719411849975586,0.0
Dlib HOG,seccam_2,train,11bf7210-ab3f-11ef-8685-bbefd0250143.jpg,1,0,2,0.5079576969146729,0.3333333333333333
Dlib HOG,seccam_2,train,15e0cb58-ab2f-11ef-83c9-bbefd0250143.jpg,0,0,4,0.5063269138336182,0.0
Dlib HOG,seccam_2,train,22f9338d-ab3f-11ef-94f4-bbefd0250143.jpg,0,0,1,0.5015230178833008,0.0
Dlib HOG,seccam_2,train,22fc4357-ab3f-11ef-a9ba-bbefd0250143.jpg,1,0,0,0.4991486072540283,1.0
Dlib HOG,seccam_2,train,23759278-ab3f-11ef-a0b5-bbefd0250143.jpg,0,0,1,0.552271842956543,0.0
Dlib HOG,seccam_2,train,23785ed9-ab3f-11ef-bb00-bbefd0250143.jpg,1,0,0,0.5085620880126953,1.0
Dlib HOG,seccam_2,train,2a55912c-ab30-11ef-b8e4-bbefd0250143.jpg,0,0,1,0.542499303817749,0.0
Dlib HOG,seccam_2,train,30676534-ab3f-11ef-ab3a-bbefd0250143.jpg,0,0,1,0.5033187866210938,0.0
Dlib HOG,seccam_2,train,306a2442-ab3f-11ef-a138-bbefd0250143.jpg,1,0,0,0.5089631080627441,1.0
Dlib HOG,seccam_2,train,4747bbc1-ab3f-11ef-967b-bbefd0250143.jpg,0,0,1,0.49894261360168457,0.0
Dlib HOG,seccam_2,train,474a7070-ab3f-11ef-9730-bbefd0250143.jpg,0,0,2,0.48854827880859375,0.0
Dlib HOG,seccam_2,train,4801a7e5-ab3f-11ef-afad-bbefd0250143.jpg,0,0,1,0.4944934844970703,0.0
Dlib HOG,seccam_2,train,48045878-ab3f-11ef-8589-bbefd0250143.jpg,1,0,1,1.222121238708496,0.5
Dlib HOG,seccam_2,train,610f4e0f-ab3f-11ef-b2de-bbefd0250143.jpg,1,1,1,0.7143187522888184,0.0
Dlib HOG,seccam_2,train,61123a50-ab3f-11ef-a2ec-bbefd0250143.jpg,1,0,0,0.7347927093505859,1.0
Dlib HOG,seccam_2,train,656833ab-ab3f-11ef-981b-bbefd0250143.jpg,0,0,1,0.7266385555267334,0.0
Dlib HOG,seccam_2,train,656af596-ab3f-11ef-bb64-bbefd0250143.jpg,2,0,0,0.5982744693756104,1.0
Dlib HOG,seccam_2,train,66876f03-ab3f-11ef-8d8f-bbefd0250143.jpg,2,0,0,0.7162911891937256,1.0
Dlib HOG,seccam_2,train,6c3ad92e-ab3f-11ef-a2c7-bbefd0250143.jpg,0,0,1,0.6465821266174316,0.0
Dlib HOG,seccam_2,train,ae320042-ab3e-11ef-8d3e-bbefd0250143.jpg,0,0,1,0.5108251571655273,0.0
Dlib HOG,seccam_2,train,afd6d9d4-ab3e-11ef-bcf1-bbefd0250143.jpg,0,0,2,0.5379490852355957,0.0
Dlib HOG,seccam_2,train,afd9ac70-ab3e-11ef-abf3-bbefd0250143.jpg,0,0,1,0.6024150848388672,0.0
Dlib HOG,seccam_2,train,c1e0d7ea-ab3e-11ef-8112-bbefd0250143.jpg,0,0,1,0.6306092739105225,0.0
Dlib HOG,seccam_2,train,c1e40732-ab3e-11ef-92cf-bbefd0250143.jpg,1,0,0,0.5796558856964111,1.0
Dlib HOG,seccam_2,train,c202b1de-ab3e-11ef-b9ba-bbefd0250143.jpg,0,0,1,0.6669459342956543,0.0
Dlib HOG,seccam_2,train,c205c3db-ab3e-11ef-aca5-bbefd0250143.jpg,1,0,0,0.5104813575744629,1.0
Dlib HOG,seccam_2,train,c6684fbf-ab3e-11ef-8df0-bbefd0250143.jpg,0,0,1,0.5701262950897217,0.0
Dlib HOG,seccam_2,train,c66bc28f-ab3e-11ef-a9a3-bbefd0250143.jpg,1,0,0,0.6400496959686279,1.0
Dlib HOG,seccam_2,train,c68867a2-ab3e-11ef-9f88-bbefd0250143.jpg,0,0,1,1.2493603229522705,0.0
Dlib HOG,seccam_2,train,c68bc47c-ab3e-11ef-9416-bbefd0250143.jpg,0,0,1,0.7203350067138672,0.0
Dlib HOG,seccam_2,train,c6c985e5-ab3e-11ef-8b7e-bbefd0250143.jpg,0,0,1,0.6564216613769531,0.0
Dlib HOG,seccam_2,train,c749f1de-ab3e-11ef-9617-bbefd0250143.jpg,0,0,1,0.6278994083404541,0.0
Dlib HOG,seccam_2,train,d61b0424-ab2e-11ef-ae1e-bbefd0250143.jpg,0,0,2,0.6171846389770508,0.0
Dlib HOG,seccam_2,train,d72a14a8-ab3e-11ef-9f7f-bbefd0250143.jpg,1,0,1,0.6255178451538086,0.5
Dlib HOG,seccam_2,train,e764fafe-ab3e-11ef-a3a4-bbefd0250143.jpg,0,0,1,0.668511152267456,0.0
Dlib HOG,seccam_2,train,e7aa689d-ab3e-11ef-9105-bbefd0250143.jpg,0,0,1,0.566880464553833,0.0
Dlib HOG,seccam_2,train,e7ad7b9c-ab3e-11ef-ab2e-bbefd0250143.jpg,0,0,1,0.6849873065948486,0.0
Dlib HOG,seccam_2,val,f6196398-a7ff-11ef-8536-48e7da426b90.jpg,0,0,2,0.6184473037719727,0.0
Dlib HOG,seccam_2,val,f65902be-a7ff-11ef-b1ca-48e7da426b90.jpg,1,1,2,0.5860311985015869,0.0
Dlib HOG,seccam_2,val,f8018827-a7ff-11ef-9e17-48e7da426b90.jpg,0,0,1,0.5294990539550781,0.0
Dlib HOG,seccam_2,val,f87d5fd1-a7ff-11ef-a296-48e7da426b90.jpg,1,1,2,0.577869176864624,0.0
Dlib HOG,seccam_2,val,f9122b6f-ab3e-11ef-96f5-bbefd0250143.jpg,1,0,1,0.5596649646759033,0.5
Dlib HOG,seccam_2,val,f9340d73-a7ff-11ef-be59-48e7da426b90.jpg,1,1,1,0.525090217590332,0.0
Dlib HOG,seccam_2,val,fc51e2bf-ab2f-11ef-8c6d-bbefd0250143.jpg,0,0,1,0.5296270847320557,0.0
Dlib HOG,seccam_2,val,fdb32cce-ab2f-11ef-a791-bbefd0250143.jpg,0,0,1,0.6962871551513672,0.0
Dlib HOG,seccam_2,val,fecfc24a-ab2f-11ef-8355-bbefd0250143.jpg,1,0,0,0.671734094619751,1.0
FaceNet,seccam_2,test,e76233fa-ab3e-11ef-b8b5-bbefd0250143.jpg,0,0,1,7.394412279129028,0.0
FaceNet,seccam_2,test,f5dc1e93-a7ff-11ef-b1ea-48e7da426b90.jpg,2,0,0,7.3455400466918945,1.0
FaceNet,seccam_2,test,f6d06e07-a7ff-11ef-945f-48e7da426b90.jpg,3,1,0,7.503964185714722,1.0
FaceNet,seccam_2,test,f70cd3cc-a7ff-11ef-9e9a-48e7da426b90.jpg,2,0,0,7.476805686950684,1.0
FaceNet,seccam_2,test,f74af919-a7ff-11ef-8849-48e7da426b90.jpg,2,0,0,7.359678268432617,1.0
FaceNet,seccam_2,test,f7de6a30-ab2f-11ef-b231-bbefd0250143.jpg,1,0,0,7.4380316734313965,1.0
FaceNet,seccam_2,test,f83eb6bd-a7ff-11ef-845d-48e7da426b90.jpg,2,0,0,7.504335880279541,1.0
FaceNet,seccam_2,test,f8b8587d-a7ff-11ef-a8c0-48e7da426b90.jpg,2,0,0,7.189319133758545,1.0
FaceNet,seccam_2,test,f8f652ac-a7ff-11ef-be5c-48e7da426b90.jpg,2,0,0,6.998117923736572,1.0
FaceNet,seccam_2,train,0aa0f178-ab3f-11ef-84ca-bbefd0250143.jpg,1,0,0,15.825106382369995,1.0
FaceNet,seccam_2,train,0aa4167b-ab3f-11ef-bd36-bbefd0250143.jpg,2,0,1,13.054802179336548,0.6666666666666666
FaceNet,seccam_2,train,0c19412a-ab3f-11ef-851d-bbefd0250143.jpg,1,0,0,13.02306604385376,1.0
FaceNet,seccam_2,train,0c1c16bc-ab3f-11ef-9654-bbefd0250143.jpg,1,0,2,13.256255865097046,0.3333333333333333
FaceNet,seccam_2,train,11bc8124-ab3f-11ef-a1c5-bbefd0250143.jpg,2,1,1,14.570548057556152,0.5
FaceNet,seccam_2,train,11bf7210-ab3f-11ef-8685-bbefd0250143.jpg,2,1,2,15.152298212051392,0.3333333333333333
FaceNet,seccam_2,train,15e0cb58-ab2f-11ef-83c9-bbefd0250143.jpg,4,2,2,16.078579902648926,0.5
FaceNet,seccam_2,train,22f9338d-ab3f-11ef-94f4-bbefd0250143.jpg,1,0,0,14.602251768112183,1.0
FaceNet,seccam_2,train,22fc4357-ab3f-11ef-a9ba-bbefd0250143.jpg,1,0,0,14.34660291671753,1.0
FaceNet,seccam_2,train,23759278-ab3f-11ef-a0b5-bbefd0250143.jpg,1,0,0,13.421772718429565,1.0
FaceNet,seccam_2,train,23785ed9-ab3f-11ef-bb00-bbefd0250143.jpg,1,0,0,13.386540412902832,1.0
FaceNet,seccam_2,train,2a55912c-ab30-11ef-b8e4-bbefd0250143.jpg,1,0,0,14.029669523239136,1.0
FaceNet,seccam_2,train,30676534-ab3f-11ef-ab3a-bbefd0250143.jpg,1,0,0,16.220367908477783,1.0
FaceNet,seccam_2,train,306a2442-ab3f-11ef-a138-bbefd0250143.jpg,2,1,0,14.540230989456177,1.0
FaceNet,seccam_2,train,4747bbc1-ab3f-11ef-967b-bbefd0250143.jpg,2,1,0,15.75937533378601,1.0
FaceNet,seccam_2,train,474a7070-ab3f-11ef-9730-bbefd0250143.jpg,2,0,0,15.43882417678833,1.0
FaceNet,seccam_2,train,4801a7e5-ab3f-11ef-afad-bbefd0250143.jpg,1,0,0,13.222673416137695,1.0
FaceNet,seccam_2,train,48045878-ab3f-11ef-8589-bbefd0250143.jpg,1,0,1,13.483393907546997,0.5
FaceNet,seccam_2,train,610f4e0f-ab3f-11ef-b2de-bbefd0250143.jpg,1,0,0,12.936015605926514,1.0
FaceNet,seccam_2,train,61123a50-ab3f-11ef-a2ec-bbefd0250143.jpg,1,0,0,13.001016855239868,1.0
FaceNet,seccam_2,train,656833ab-ab3f-11ef-981b-bbefd0250143.jpg,1,0,0,13.704139471054077,1.0
FaceNet,seccam_2,train,656af596-ab3f-11ef-bb64-bbefd0250143.jpg,2,0,0,14.183563470840454,1.0
FaceNet,seccam_2,train,66876f03-ab3f-11ef-8d8f-bbefd0250143.jpg,2,0,0,13.786629676818848,1.0
FaceNet,seccam_2,train,6c3ad92e-ab3f-11ef-a2c7-bbefd0250143.jpg,1,0,0,14.340325117111206,1.0
FaceNet,seccam_2,train,ae320042-ab3e-11ef-8d3e-bbefd0250143.jpg,2,1,0,14.192044734954834,1.0
FaceNet,seccam_2,train,afd6d9d4-ab3e-11ef-bcf1-bbefd0250143.jpg,2,0,0,13.818666458129883,1.0
FaceNet,seccam_2,train,afd9ac70-ab3e-11ef-abf3-bbefd0250143.jpg,1,0,0,13.47695541381836,1.0
FaceNet,seccam_2,train,c1e0d7ea-ab3e-11ef-8112-bbefd0250143.jpg,1,0,0,13.4021737575531,1.0
FaceNet,seccam_2,train,c1e40732-ab3e-11ef-92cf-bbefd0250143.jpg,1,0,0,13.747595071792603,1.0
FaceNet,seccam_2,train,c202b1de-ab3e-11ef-b9ba-bbefd0250143.jpg,1,0,0,13.40850830078125,1.0
FaceNet,seccam_2,train,c205c3db-ab3e-11ef-aca5-bbefd0250143.jpg,1,0,0,12.880838632583618,1.0
FaceNet,seccam_2,train,c6684fbf-ab3e-11ef-8df0-bbefd0250143.jpg,1,0,0,13.277490615844727,1.0
FaceNet,seccam_2,train,c66bc28f-ab3e-11ef-a9a3-bbefd0250143.jpg,1,0,0,13.38674020767212,1.0
FaceNet,seccam_2,train,c68867a2-ab3e-11ef-9f88-bbefd0250143.jpg,1,0,0,13.14608097076416,1.0
FaceNet,seccam_2,train,c68bc47c-ab3e-11ef-9416-bbefd0250143.jpg,1,0,0,12.422263383865356,1.0
FaceNet,seccam_2,train,c6c985e5-ab3e-11ef-8b7e-bbefd0250143.jpg,0,0,1,12.0422945022583,0.0
FaceNet,seccam_2,train,c749f1de-ab3e-11ef-9617-bbefd0250143.jpg,0,0,1,12.102356195449829,0.0
FaceNet,seccam_2,train,d61b0424-ab2e-11ef-ae1e-bbefd0250143.jpg,3,2,1,12.10658049583435,0.5
FaceNet,seccam_2,train,d72a14a8-ab3e-11ef-9f7f-bbefd0250143.jpg,1,0,1,11.612394571304321,0.5
FaceNet,seccam_2,train,e764fafe-ab3e-11ef-a3a4-bbefd0250143.jpg,0,0,1,11.469302415847778,0.0
FaceNet,seccam_2,train,e7aa689d-ab3e-11ef-9105-bbefd0250143.jpg,2,1,0,2.0759236812591553,1.0
FaceNet,seccam_2,train,e7ad7b9c-ab3e-11ef-ab2e-bbefd0250143.jpg,0,0,1,1.7059376239776611,0.0
FaceNet,seccam_2,val,f6196398-a7ff-11ef-8536-48e7da426b90.jpg,2,0,0,6.558786392211914,1.0
FaceNet,seccam_2,val,f65902be-a7ff-11ef-b1ca-48e7da426b90.jpg,3,1,0,6.60863471031189,1.0
FaceNet,seccam_2,val,f8018827-a7ff-11ef-9e17-48e7da426b90.jpg,2,1,0,6.57737135887146,1.0
FaceNet,seccam_2,val,f87d5fd1-a7ff-11ef-a296-48e7da426b90.jpg,2,0,0,6.267893075942993,1.0
FaceNet,seccam_2,val,f9122b6f-ab3e-11ef-96f5-bbefd0250143.jpg,2,1,1,6.35120964050293,0.5
FaceNet,seccam_2,val,f9340d73-a7ff-11ef-be59-48e7da426b90.jpg,2,1,0,6.47035551071167,1.0
FaceNet,seccam_2,val,fc51e2bf-ab2f-11ef-8c6d-bbefd0250143.jpg,3,2,0,6.51545524597168,1.0
FaceNet,seccam_2,val,fdb32cce-ab2f-11ef-a791-bbefd0250143.jpg,1,0,0,6.555035829544067,1.0
FaceNet,seccam_2,val,fecfc24a-ab2f-11ef-8355-bbefd0250143.jpg,2,1,0,6.575613498687744,1.0
Face Recognition,seccam_2,test,e76233fa-ab3e-11ef-b8b5-bbefd0250143.jpg,0,0,1,0.12697315216064453,0.0
Face Recognition,seccam_2,test,f5dc1e93-a7ff-11ef-b1ea-48e7da426b90.jpg,0,0,2,0.1244652271270752,0.0
Face Recognition,seccam_2,test,f6d06e07-a7ff-11ef-945f-48e7da426b90.jpg,0,0,2,0.13267803192138672,0.0
Face Recognition,seccam_2,test,f70cd3cc-a7ff-11ef-9e9a-48e7da426b90.jpg,0,0,2,0.12764477729797363,0.0
Face Recognition,seccam_2,test,f74af919-a7ff-11ef-8849-48e7da426b90.jpg,0,0,2,0.12564754486083984,0.0
Face Recognition,seccam_2,test,f7de6a30-ab2f-11ef-b231-bbefd0250143.jpg,0,0,1,0.1246337890625,0.0
Face Recognition,seccam_2,test,f83eb6bd-a7ff-11ef-845d-48e7da426b90.jpg,0,0,2,0.1320791244506836,0.0
Face Recognition,seccam_2,test,f8b8587d-a7ff-11ef-a8c0-48e7da426b90.jpg,0,0,2,0.12312436103820801,0.0
Face Recognition,seccam_2,test,f8f652ac-a7ff-11ef-be5c-48e7da426b90.jpg,0,0,2,0.13253116607666016,0.0
Face Recognition,seccam_2,train,0aa0f178-ab3f-11ef-84ca-bbefd0250143.jpg,0,0,1,0.14719128608703613,0.0
Face Recognition,seccam_2,train,0aa4167b-ab3f-11ef-bd36-bbefd0250143.jpg,0,0,3,0.1751723289489746,0.0
Face Recognition,seccam_2,train,0c19412a-ab3f-11ef-851d-bbefd0250143.jpg,0,0,1,0.12423372268676758,0.0
Face Recognition,seccam_2,train,0c1c16bc-ab3f-11ef-9654-bbefd0250143.jpg,0,0,3,0.14797401428222656,0.0
Face Recognition,seccam_2,train,11bc8124-ab3f-11ef-a1c5-bbefd0250143.jpg,0,0,2,0.34087324142456055,0.0
Face Recognition,seccam_2,train,11bf7210-ab3f-11ef-8685-bbefd0250143.jpg,0,0,3,0.3721895217895508,0.0
Face Recognition,seccam_2,train,15e0cb58-ab2f-11ef-83c9-bbefd0250143.jpg,0,0,4,0.13889622688293457,0.0
Face Recognition,seccam_2,train,22f9338d-ab3f-11ef-94f4-bbefd0250143.jpg,0,0,1,0.1631779670715332,0.0
Face Recognition,seccam_2,train,22fc4357-ab3f-11ef-a9ba-bbefd0250143.jpg,0,0,1,0.11716079711914062,0.0
Face Recognition,seccam_2,train,23759278-ab3f-11ef-a0b5-bbefd0250143.jpg,0,0,1,0.2122941017150879,0.0
Face Recognition,seccam_2,train,23785ed9-ab3f-11ef-bb00-bbefd0250143.jpg,0,0,1,0.14992284774780273,0.0
Face Recognition,seccam_2,train,2a55912c-ab30-11ef-b8e4-bbefd0250143.jpg,0,0,1,0.14730048179626465,0.0
Face Recognition,seccam_2,train,30676534-ab3f-11ef-ab3a-bbefd0250143.jpg,0,0,1,0.3915419578552246,0.0
Face Recognition,seccam_2,train,306a2442-ab3f-11ef-a138-bbefd0250143.jpg,0,0,1,0.37397122383117676,0.0
Face Recognition,seccam_2,train,4747bbc1-ab3f-11ef-967b-bbefd0250143.jpg,0,0,1,0.20002007484436035,0.0
Face Recognition,seccam_2,train,474a7070-ab3f-11ef-9730-bbefd0250143.jpg,0,0,2,0.2263813018798828,0.0
Face Recognition,seccam_2,train,4801a7e5-ab3f-11ef-afad-bbefd0250143.jpg,0,0,1,0.28323912620544434,0.0
Face Recognition,seccam_2,train,48045878-ab3f-11ef-8589-bbefd0250143.jpg,0,0,2,0.23195099830627441,0.0
Face Recognition,seccam_2,train,610f4e0f-ab3f-11ef-b2de-bbefd0250143.jpg,0,0,1,0.22494006156921387,0.0
Face Recognition,seccam_2,train,61123a50-ab3f-11ef-a2ec-bbefd0250143.jpg,0,0,1,0.25315141677856445,0.0
Face Recognition,seccam_2,train,656833ab-ab3f-11ef-981b-bbefd0250143.jpg,0,0,1,0.2572934627532959,0.0
Face Recognition,seccam_2,train,656af596-ab3f-11ef-bb64-bbefd0250143.jpg,0,0,2,0.26017212867736816,0.0
Face Recognition,seccam_2,train,66876f03-ab3f-11ef-8d8f-bbefd0250143.jpg,0,0,2,0.22308945655822754,0.0
Face Recognition,seccam_2,train,6c3ad92e-ab3f-11ef-a2c7-bbefd0250143.jpg,0,0,1,0.2585632801055908,0.0
Face Recognition,seccam_2,train,ae320042-ab3e-11ef-8d3e-bbefd0250143.jpg,0,0,1,0.2009716033935547,0.0
Face Recognition,seccam_2,train,afd6d9d4-ab3e-11ef-bcf1-bbefd0250143.jpg,0,0,2,0.23526239395141602,0.0
Face Recognition,seccam_2,train,afd9ac70-ab3e-11ef-abf3-bbefd0250143.jpg,0,0,1,0.2234482765197754,0.0
Face Recognition,seccam_2,train,c1e0d7ea-ab3e-11ef-8112-bbefd0250143.jpg,0,0,1,0.2204136848449707,0.0
Face Recognition,seccam_2,train,c1e40732-ab3e-11ef-92cf-bbefd0250143.jpg,0,0,1,0.2224135398864746,0.0
Face Recognition,seccam_2,train,c202b1de-ab3e-11ef-b9ba-bbefd0250143.jpg,0,0,1,0.1923809051513672,0.0
Face Recognition,seccam_2,train,c205c3db-ab3e-11ef-aca5-bbefd0250143.jpg,0,0,1,0.19281625747680664,0.0
Face Recognition,seccam_2,train,c6684fbf-ab3e-11ef-8df0-bbefd0250143.jpg,0,0,1,0.11667275428771973,0.0
Face Recognition,seccam_2,train,c66bc28f-ab3e-11ef-a9a3-bbefd0250143.jpg,0,0,1,0.09802818298339844,0.0
Face Recognition,seccam_2,train,c68867a2-ab3e-11ef-9f88-bbefd0250143.jpg,0,0,1,0.1297316551208496,0.0
Face Recognition,seccam_2,train,c68bc47c-ab3e-11ef-9416-bbefd0250143.jpg,0,0,1,0.15813517570495605,0.0
Face Recognition,seccam_2,train,c6c985e5-ab3e-11ef-8b7e-bbefd0250143.jpg,0,0,1,0.14608383178710938,0.0
Face Recognition,seccam_2,train,c749f1de-ab3e-11ef-9617-bbefd0250143.jpg,0,0,1,0.12264847755432129,0.0
Face Recognition,seccam_2,train,d61b0424-ab2e-11ef-ae1e-bbefd0250143.jpg,0,0,2,0.1318814754486084,0.0
Face Recognition,seccam_2,train,d72a14a8-ab3e-11ef-9f7f-bbefd0250143.jpg,0,0,2,0.12364673614501953,0.0
Face Recognition,seccam_2,train,e764fafe-ab3e-11ef-a3a4-bbefd0250143.jpg,0,0,1,0.12778472900390625,0.0
Face Recognition,seccam_2,train,e7aa689d-ab3e-11ef-9105-bbefd0250143.jpg,0,0,1,0.13245439529418945,0.0
Face Recognition,seccam_2,train,e7ad7b9c-ab3e-11ef-ab2e-bbefd0250143.jpg,0,0,1,0.12155914306640625,0.0
Face Recognition,seccam_2,val,f6196398-a7ff-11ef-8536-48e7da426b90.jpg,0,0,2,0.14643526077270508,0.0
Face Recognition,seccam_2,val,f65902be-a7ff-11ef-b1ca-48e7da426b90.jpg,0,0,2,0.14690232276916504,0.0
Face Recognition,seccam_2,val,f8018827-a7ff-11ef-9e17-48e7da426b90.jpg,0,0,1,0.14380407333374023,0.0
Face Recognition,seccam_2,val,f87d5fd1-a7ff-11ef-a296-48e7da426b90.jpg,0,0,2,0.1473865509033203,0.0
Face Recognition,seccam_2,val,f9122b6f-ab3e-11ef-96f5-bbefd0250143.jpg,0,0,2,0.13726115226745605,0.0
Face Recognition,seccam_2,val,f9340d73-a7ff-11ef-be59-48e7da426b90.jpg,0,0,1,0.1479339599609375,0.0
Face Recognition,seccam_2,val,fc51e2bf-ab2f-11ef-8c6d-bbefd0250143.jpg,0,0,1,0.13483834266662598,0.0
Face Recognition,seccam_2,val,fdb32cce-ab2f-11ef-a791-bbefd0250143.jpg,0,0,1,0.1361067295074463,0.0
Face Recognition,seccam_2,val,fecfc24a-ab2f-11ef-8355-bbefd0250143.jpg,0,0,1,0.13672828674316406,0.0
